{"stats":{"minecraft:crafted":{"minecraft:sandstone":51,"minecraft:golden_helmet":1,"minecraft:ender_eye":4,"minecraft:warped_planks":32,"minecraft:iron_chestplate":1,"minecraft:stick":8,"minecraft:cooked_porkchop":11,"minecraft:warped_slab":6,"minecraft:iron_helmet":2,"minecraft:iron_block":3,"minecraft:diamond_pickaxe":1,"minecraft:chest":17,"minecraft:bookshelf":11,"minecraft:air":0,"minecraft:bucket":4,"minecraft:flint_and_steel":1,"minecraft:bone_meal":135,"minecraft:jungle_planks":140,"minecraft:diamond_shovel":1,"minecraft:shulker_box":9,"minecraft:iron_hoe":1,"minecraft:smooth_sandstone":3,"minecraft:oak_planks":176,"minecraft:enchanting_table":1,"minecraft:iron_sword":1,"minecraft:cooked_chicken":6,"minecraft:cooked_mutton":2,"minecraft:iron_boots":1,"minecraft:anvil":1,"minecraft:cooked_beef":3,"minecraft:end_stone_brick_slab":84,"minecraft:diamond_chestplate":1,"minecraft:diamond_sword":1,"minecraft:jungle_boat":3,"minecraft:cut_sandstone":48,"minecraft:wheat":369,"minecraft:furnace":5,"minecraft:iron_ingot":64,"minecraft:golden_boots":1,"minecraft:cooked_rabbit":2,"minecraft:bread":141,"minecraft:blaze_powder":4,"minecraft:crafting_table":5,"minecraft:shield":1,"minecraft:end_stone_bricks":44,"minecraft:lectern":1,"minecraft:iron_pickaxe":2,"minecraft:iron_axe":1,"minecraft:iron_leggings":2},"minecraft:killed_by":{"minecraft:player":1,"minecraft:creeper":3,"minecraft:enderman":15,"minecraft:spider":1,"minecraft:iron_golem":1,"minecraft:ghast":1,"minecraft:shulker":2,"minecraft:zombie":7,"minecraft:wither_skeleton":4,"minecraft:skeleton":11,"minecraft:ender_dragon":1,"minecraft:piglin":1,"minecraft:cave_spider":1},"minecraft:custom":{"minecraft:time_since_rest":18469,"minecraft:talked_to_villager":30,"minecraft:leave_game":36,"minecraft:damage_taken":32550,"minecraft:mob_kills":271,"minecraft:boat_one_cm":1517732,"minecraft:open_shulker_box":14,"minecraft:time_since_death":18441,"minecraft:aviate_one_cm":128863,"minecraft:open_enderchest":5,"minecraft:interact_with_brewingstand":2,"minecraft:interact_with_furnace":51,"minecraft:sleep_in_bed":4,"minecraft:swim_one_cm":287609,"minecraft:total_world_time":816625,"minecraft:pot_flower":1,"minecraft:crouch_one_cm":51574,"minecraft:climb_one_cm":13425,"minecraft:deaths":87,"minecraft:interact_with_stonecutter":1,"minecraft:player_kills":1,"minecraft:damage_blocked_by_shield":470,"minecraft:interact_with_crafting_table":78,"minecraft:walk_one_cm":1755316,"minecraft:walk_under_water_one_cm":126388,"minecraft:horse_one_cm":1467,"minecraft:damage_dealt":64614,"minecraft:play_time":816625,"minecraft:jump":22577,"minecraft:drop":96,"minecraft:bell_ring":17,"minecraft:sprint_one_cm":2027093,"minecraft:open_chest":173,"minecraft:interact_with_smoker":1,"minecraft:fall_one_cm":894259,"minecraft:fly_one_cm":5012825,"minecraft:walk_on_water_one_cm":196283,"minecraft:sneak_time":12778,"minecraft:interact_with_blast_furnace":2},"minecraft:picked_up":{"minecraft:iron_door":1,"minecraft:enchanting_table":1,"minecraft:stone_button":2,"minecraft:cobblestone":247,"minecraft:flint":1,"minecraft:purpur_block":1,"minecraft:warped_roots":1,"minecraft:redstone":6,"minecraft:bone":33,"minecraft:orange_terracotta":1,"minecraft:rose_bush":2,"minecraft:diamond_shovel":1,"minecraft:firefly_bush":2,"minecraft:melon_slice":19,"minecraft:iron_sword":4,"minecraft:diamond":25,"minecraft:granite":19,"minecraft:dark_oak_sapling":3,"minecraft:blaze_rod":2,"minecraft:book":69,"minecraft:purpur_pillar":1,"minecraft:wildflowers":7,"minecraft:gold_block":3,"minecraft:arrow":35,"minecraft:iron_ingot":37,"minecraft:end_stone":462,"minecraft:cactus":5,"minecraft:crossbow":1,"minecraft:hay_block":61,"minecraft:stone_sword":2,"minecraft:mossy_stone_bricks":5,"minecraft:mutton":5,"minecraft:cut_sandstone":42,"minecraft:crying_obsidian":1,"minecraft:dirt":704,"minecraft:brown_wool":2,"minecraft:rabbit_hide":1,"minecraft:bone_block":30,"minecraft:golden_boots":1,"minecraft:torch":11,"minecraft:diamond_pickaxe":1,"minecraft:dripstone_block":1,"minecraft:ender_eye":6,"minecraft:bread":23,"minecraft:cactus_flower":3,"minecraft:coal":17,"minecraft:oak_log":49,"minecraft:sand":484,"minecraft:furnace":1,"minecraft:wheat_seeds":166,"minecraft:iron_pickaxe":1,"minecraft:quartz":4,"minecraft:egg":4,"minecraft:nether_bricks":38,"minecraft:bookshelf":3,"minecraft:diamond_sword":2,"minecraft:birch_sapling":4,"minecraft:poppy":11,"minecraft:white_wool":1,"minecraft:feather":8,"minecraft:warped_wart_block":7,"minecraft:warped_nylium":6,"minecraft:red_mushroom":12,"minecraft:andesite":18,"minecraft:ender_pearl":7,"minecraft:string":41,"minecraft:stone_bricks":11,"minecraft:obsidian":20,"minecraft:amethyst_shard":16,"minecraft:sandstone":17,"minecraft:smooth_sandstone_slab":5,"minecraft:warped_fungus":1,"minecraft:stone_pressure_plate":2,"minecraft:soul_sand":3,"minecraft:rabbit":2,"minecraft:soul_soil":5,"minecraft:leather":4,"minecraft:shulker_shell":47,"minecraft:water_bucket":1,"minecraft:chorus_fruit":63,"minecraft:ghast_tear":1,"minecraft:porkchop":11,"minecraft:stick":21,"minecraft:bamboo":3,"minecraft:chicken":6,"minecraft:raw_iron":78,"minecraft:cobbled_deepslate":109,"minecraft:shulker_box":9,"minecraft:mossy_cobblestone":11,"minecraft:end_stone_bricks":1,"minecraft:amethyst_block":2,"minecraft:wheat":57,"minecraft:gunpowder":7,"minecraft:chest":11,"minecraft:elytra":1,"minecraft:end_rod":1,"minecraft:lectern":14,"minecraft:netherrack":264,"minecraft:purpur_slab":4,"minecraft:magma_block":1,"minecraft:gravel":16,"minecraft:jungle_boat":39,"minecraft:leaf_litter":10,"minecraft:potato":2,"minecraft:nether_brick_fence":2,"minecraft:shield":1,"minecraft:spider_eye":6,"minecraft:jungle_log":36,"minecraft:bone_meal":1,"minecraft:diorite":32,"minecraft:flower_pot":1,"minecraft:oak_planks":4,"minecraft:crafting_table":9,"minecraft:oak_sapling":4,"minecraft:warped_stem":8,"minecraft:beef":3,"minecraft:rotten_flesh":102,"minecraft:glass_bottle":2,"minecraft:smooth_sandstone":39,"minecraft:end_stone_brick_slab":62,"minecraft:cracked_stone_bricks":2},"minecraft:broken":{"minecraft:iron_helmet":2,"minecraft:iron_axe":1,"minecraft:iron_leggings":1,"minecraft:golden_boots":2,"minecraft:iron_pickaxe":1,"minecraft:iron_boots":1,"minecraft:iron_sword":1},"minecraft:used":{"minecraft:birch_sapling":3,"minecraft:iron_axe":229,"minecraft:shield":14,"minecraft:end_stone":412,"minecraft:iron_pickaxe":293,"minecraft:andesite":3,"minecraft:shulker_box":9,"minecraft:diamond_sword":959,"minecraft:iron_sword":253,"minecraft:wheat_seeds":112,"minecraft:diamond_pickaxe":1336,"minecraft:ender_eye":7,"minecraft:cooked_mutton":2,"minecraft:bookshelf":13,"minecraft:purpur_slab":3,"minecraft:cooked_porkchop":11,"minecraft:granite":6,"minecraft:cut_sandstone":69,"minecraft:hay_block":20,"minecraft:lava_bucket":26,"minecraft:diorite":5,"minecraft:firefly_bush":2,"minecraft:cobblestone":143,"minecraft:diamond_chestplate":1,"minecraft:crafting_table":11,"minecraft:end_stone_bricks":2,"minecraft:potion":1,"minecraft:jungle_boat":39,"minecraft:cobbled_deepslate":106,"minecraft:netherrack":199,"minecraft:chorus_fruit":15,"minecraft:apple":6,"minecraft:diamond_shovel":1272,"minecraft:melon_slice":12,"minecraft:end_stone_brick_slab":146,"minecraft:iron_hoe":74,"minecraft:water_bucket":662,"minecraft:bone_meal":136,"minecraft:furnace":6,"minecraft:torch":8,"minecraft:bread":178,"minecraft:dirt":574,"minecraft:obsidian":11,"minecraft:salmon_bucket":3,"minecraft:sand":180,"minecraft:dark_oak_sapling":2,"minecraft:bundle":2,"minecraft:cooked_rabbit":2,"minecraft:smooth_sandstone_slab":2,"minecraft:cooked_chicken":6,"minecraft:cooked_beef":3,"minecraft:smooth_sandstone":42,"minecraft:lectern":14,"minecraft:flint_and_steel":3,"minecraft:bucket":699,"minecraft:chest":15,"minecraft:enchanting_table":2,"minecraft:oak_planks":3,"minecraft:oak_sapling":1,"minecraft:sandstone":3,"minecraft:ender_pearl":3},"minecraft:dropped":{"minecraft:diamond_shovel":1,"minecraft:soul_soil":2,"minecraft:rabbit_hide":1,"minecraft:warped_fungus":1,"minecraft:mossy_cobblestone":11,"minecraft:wheat":14,"minecraft:stone_pressure_plate":2,"minecraft:gravel":1,"minecraft:cobbled_deepslate":3,"minecraft:bone":14,"minecraft:egg":2,"minecraft:poppy":4,"minecraft:wheat_seeds":41,"minecraft:jungle_boat":1,"minecraft:soul_sand":3,"minecraft:warped_roots":1,"minecraft:diamond_pickaxe":1,"minecraft:string":33,"minecraft:stick":5,"minecraft:arrow":3,"minecraft:cactus_flower":2,"minecraft:bread":23,"minecraft:spider_eye":4,"minecraft:mossy_stone_bricks":5,"minecraft:diorite":12,"minecraft:rotten_flesh":67,"minecraft:cobblestone":4,"minecraft:sandstone":4,"minecraft:stone_sword":2,"minecraft:jungle_log":1,"minecraft:end_stone":1,"minecraft:bundle":1,"minecraft:white_wool":1,"minecraft:dirt":3,"minecraft:leather":4,"minecraft:melon_slice":4,"minecraft:sand":13,"minecraft:granite":1,"minecraft:dripstone_block":1,"minecraft:warped_nylium":6,"minecraft:feather":8,"minecraft:nether_brick_fence":1,"minecraft:brown_wool":1,"minecraft:cracked_stone_bricks":2,"minecraft:glass_bottle":2,"minecraft:wildflowers":4,"minecraft:warped_wart_block":2,"minecraft:water_bucket":1,"minecraft:diamond_sword":2,"minecraft:iron_sword":4,"minecraft:cactus":4,"minecraft:golden_helmet":1,"minecraft:mutton":3},"minecraft:killed":{"minecraft:skeleton":29,"minecraft:iron_golem":9,"minecraft:pig":6,"minecraft:witch":1,"minecraft:piglin":8,"minecraft:vindicator":1,"minecraft:silverfish":1,"minecraft:spider":29,"minecraft:shulker":37,"minecraft:zombie":45,"minecraft:husk":42,"minecraft:wither_skeleton":2,"minecraft:cave_spider":6,"minecraft:creeper":4,"minecraft:zombie_villager":1,"minecraft:chicken":6,"minecraft:enderman":16,"minecraft:sheep":3,"minecraft:drowned":1,"minecraft:cow":3,"minecraft:magma_cube":7,"minecraft:ghast":2,"minecraft:blaze":7},"minecraft:mined":{"minecraft:torch":5,"minecraft:dispenser":2,"minecraft:nether_quartz_ore":4,"minecraft:chest":8,"minecraft:smooth_sandstone":39,"minecraft:netherrack":236,"minecraft:bone_block":15,"minecraft:amethyst_block":3,"minecraft:smooth_sandstone_slab":3,"minecraft:magma_block":4,"minecraft:obsidian":20,"minecraft:sandstone":23,"minecraft:melon":4,"minecraft:iron_door":1,"minecraft:birch_leaves":39,"minecraft:oak_fence":1,"minecraft:dark_oak_sapling":1,"minecraft:gold_block":3,"minecraft:nether_brick_fence":1,"minecraft:wall_torch":4,"minecraft:fern":2,"minecraft:fire":53,"minecraft:deepslate_diamond_ore":26,"minecraft:warped_stem":10,"minecraft:dripstone_block":1,"minecraft:iron_ore":56,"minecraft:oak_planks":3,"minecraft:cobblestone":40,"minecraft:stone_pressure_plate":2,"minecraft:tripwire_hook":1,"minecraft:purpur_pillar":2,"minecraft:red_mushroom_block":13,"minecraft:oak_leaves":69,"minecraft:furnace":1,"minecraft:end_stone":460,"minecraft:end_stone_brick_slab":51,"minecraft:rose_bush":2,"minecraft:cracked_stone_bricks":1,"minecraft:tall_grass":15,"minecraft:wildflowers":1,"minecraft:large_amethyst_bud":1,"minecraft:mossy_stone_bricks":2,"minecraft:tall_seagrass":2,"minecraft:dirt":317,"minecraft:tall_dry_grass":7,"minecraft:shulker_box":9,"minecraft:soul_fire":9,"minecraft:deepslate":117,"minecraft:sand":556,"minecraft:oak_log":49,"minecraft:warped_wart_block":7,"minecraft:vine":12,"minecraft:warped_nylium":3,"minecraft:lectern":14,"minecraft:small_amethyst_bud":1,"minecraft:gravel":26,"minecraft:short_grass":40,"minecraft:crafting_table":9,"minecraft:leaf_litter":2,"minecraft:jungle_log":35,"minecraft:purpur_slab":4,"minecraft:copper_ore":1,"minecraft:firefly_bush":2,"minecraft:gold_ore":1,"minecraft:andesite":24,"minecraft:end_rod":1,"minecraft:purpur_block":4,"minecraft:nether_bricks":39,"minecraft:budding_amethyst":2,"minecraft:dark_oak_leaves":16,"minecraft:cactus":1,"minecraft:deepslate_iron_ore":22,"minecraft:amethyst_cluster":4,"minecraft:jungle_leaves":4,"minecraft:stone":239,"minecraft:stone_bricks":7,"minecraft:orange_terracotta":1,"minecraft:granite":19,"minecraft:bush":3,"minecraft:coal_ore":17,"minecraft:diorite":44,"minecraft:wheat":45,"minecraft:hay_block":61,"minecraft:white_bed":1,"minecraft:chorus_plant":6,"minecraft:soul_sand":3,"minecraft:bookshelf":15,"minecraft:short_dry_grass":2,"minecraft:crying_obsidian":1,"minecraft:cactus_flower":1,"minecraft:enchanting_table":1,"minecraft:mossy_cobblestone":9,"minecraft:grass_block":395,"minecraft:cobweb":4,"minecraft:cobbled_deepslate":4,"minecraft:tuff":2,"minecraft:cut_sandstone":42,"minecraft:redstone_wire":1,"minecraft:dead_bush":15}},"DataVersion":4325}