{"stats":{"minecraft:killed":{"minecraft:skeleton":11,"minecraft:iron_golem":1,"minecraft:piglin":5,"minecraft:silverfish":4,"minecraft:spider":4,"minecraft:shulker":12,"minecraft:zombie":7,"minecraft:wither_skeleton":10,"minecraft:rabbit":1,"minecraft:creeper":4,"minecraft:enderman":47,"minecraft:sheep":2,"minecraft:drowned":4,"minecraft:cow":3,"minecraft:magma_cube":9,"minecraft:ghast":2,"minecraft:blaze":67},"minecraft:custom":{"minecraft:time_since_rest":6287,"minecraft:leave_game":3,"minecraft:damage_taken":7547,"minecraft:mob_kills":194,"minecraft:boat_one_cm":437181,"minecraft:open_shulker_box":10,"minecraft:time_since_death":7067,"minecraft:aviate_one_cm":11235,"minecraft:open_enderchest":1,"minecraft:interact_with_brewingstand":9,"minecraft:interact_with_furnace":43,"minecraft:sleep_in_bed":8,"minecraft:inspect_dispenser":2,"minecraft:swim_one_cm":443725,"minecraft:total_world_time":329369,"minecraft:crouch_one_cm":118652,"minecraft:climb_one_cm":3672,"minecraft:deaths":10,"minecraft:damage_blocked_by_shield":1556,"minecraft:interact_with_crafting_table":64,"minecraft:walk_one_cm":418774,"minecraft:walk_under_water_one_cm":60224,"minecraft:damage_dealt":46260,"minecraft:play_time":329369,"minecraft:jump":5165,"minecraft:drop":248,"minecraft:sprint_one_cm":927964,"minecraft:open_chest":144,"minecraft:fall_one_cm":156064,"minecraft:fly_one_cm":832526,"minecraft:walk_on_water_one_cm":42575,"minecraft:sneak_time":64988},"minecraft:killed_by":{"minecraft:blaze":1,"minecraft:creeper":1,"minecraft:ender_dragon":2},"minecraft:mined":{"minecraft:chest":15,"minecraft:netherrack":217,"minecraft:mycelium":1,"minecraft:white_terracotta":1,"minecraft:warped_planks":1,"minecraft:birch_log":6,"minecraft:obsidian":1,"minecraft:tnt":9,"minecraft:cave_vines":2,"minecraft:sticky_piston":3,"minecraft:iron_door":2,"minecraft:birch_leaves":5,"minecraft:smooth_stone_slab":1,"minecraft:moss_block":20,"minecraft:bamboo":15,"minecraft:gold_block":1,"minecraft:mushroom_stem":9,"minecraft:nether_brick_fence":27,"minecraft:diamond_ore":2,"minecraft:wall_torch":2,"minecraft:fire":75,"minecraft:deepslate_diamond_ore":5,"minecraft:ender_chest":1,"minecraft:warped_stem":34,"minecraft:brown_terracotta":9,"minecraft:azalea":1,"minecraft:azure_bluet":1,"minecraft:iron_ore":105,"minecraft:nether_sprouts":1,"minecraft:oak_planks":2,"minecraft:cobblestone":67,"minecraft:sugar_cane":22,"minecraft:purpur_pillar":1,"minecraft:red_mushroom_block":28,"minecraft:oak_leaves":7,"minecraft:furnace":6,"minecraft:end_stone":99,"minecraft:brown_mushroom_block":14,"minecraft:brewing_stand":2,"minecraft:end_stone_brick_slab":4,"minecraft:clay":8,"minecraft:cracked_stone_bricks":6,"minecraft:deepslate_coal_ore":9,"minecraft:tall_grass":1,"minecraft:mossy_stone_bricks":5,"minecraft:tall_seagrass":1,"minecraft:dirt":5,"minecraft:tripwire":3,"minecraft:shulker_box":5,"minecraft:deepslate":115,"minecraft:sand":56,"minecraft:oak_log":17,"minecraft:lapis_ore":35,"minecraft:redstone_ore":11,"minecraft:spawner":1,"minecraft:warped_wart_block":2,"minecraft:chiseled_stone_bricks":2,"minecraft:warped_roots":5,"minecraft:vine":5,"minecraft:warped_nylium":28,"minecraft:terracotta":34,"minecraft:gravel":9,"minecraft:short_grass":13,"minecraft:crafting_table":29,"minecraft:flowering_azalea":1,"minecraft:deepslate_redstone_ore":10,"minecraft:leaf_litter":8,"minecraft:jungle_log":6,"minecraft:coarse_dirt":1,"minecraft:copper_ore":4,"minecraft:gold_ore":28,"minecraft:andesite":27,"minecraft:cave_vines_plant":5,"minecraft:end_rod":3,"minecraft:deepslate_gold_ore":22,"minecraft:purpur_block":3,"minecraft:nether_bricks":23,"minecraft:warped_fungus":4,"minecraft:poppy":1,"minecraft:deepslate_lapis_ore":17,"minecraft:deepslate_iron_ore":39,"minecraft:purpur_stairs":3,"minecraft:green_bed":4,"minecraft:stone":219,"minecraft:stone_bricks":20,"minecraft:orange_terracotta":8,"minecraft:granite":17,"minecraft:bush":2,"minecraft:crimson_stem":21,"minecraft:coal_ore":139,"minecraft:diorite":31,"minecraft:suspicious_sand":1,"minecraft:red_sand":57,"minecraft:hay_block":51,"minecraft:white_bed":1,"minecraft:smoker":2,"minecraft:warped_door":41,"minecraft:red_terracotta":1,"minecraft:chorus_plant":3,"minecraft:end_stone_bricks":21,"minecraft:bookshelf":53,"minecraft:short_dry_grass":1,"minecraft:mossy_cobblestone":2,"minecraft:nether_wart":20,"minecraft:tuff":26,"minecraft:cut_sandstone":1,"minecraft:nether_gold_ore":104,"minecraft:dead_bush":24},"minecraft:crafted":{"minecraft:wooden_axe":2,"minecraft:ender_eye":15,"minecraft:gold_ingot":86,"minecraft:warped_planks":136,"minecraft:book":1,"minecraft:iron_chestplate":1,"minecraft:crimson_planks":84,"minecraft:leather_leggings":1,"minecraft:stick":20,"minecraft:iron_helmet":1,"minecraft:iron_block":10,"minecraft:diamond_pickaxe":1,"minecraft:chest":2,"minecraft:air":0,"minecraft:bucket":1,"minecraft:flint_and_steel":1,"minecraft:oak_boat":2,"minecraft:jungle_planks":24,"minecraft:mushroom_stew":5,"minecraft:lapis_block":29,"minecraft:glass_bottle":3,"minecraft:glass":6,"minecraft:shulker_box":1,"minecraft:oak_planks":68,"minecraft:brewing_stand":1,"minecraft:redstone_block":10,"minecraft:birch_planks":24,"minecraft:stone_pickaxe":4,"minecraft:coal_block":15,"minecraft:nether_bricks":8,"minecraft:wooden_pickaxe":1,"minecraft:end_stone_brick_slab":96,"minecraft:jungle_boat":1,"minecraft:wheat":270,"minecraft:paper":3,"minecraft:furnace":5,"minecraft:iron_ingot":137,"minecraft:bread":98,"minecraft:blaze_powder":18,"minecraft:crafting_table":3,"minecraft:white_bed":1,"minecraft:warped_door":3,"minecraft:bowl":4,"minecraft:shield":1,"minecraft:stone_axe":5,"minecraft:end_stone_bricks":48,"minecraft:iron_pickaxe":3,"minecraft:iron_axe":3,"minecraft:iron_leggings":1},"minecraft:dropped":{"minecraft:azalea":2,"minecraft:glow_berries":6,"minecraft:oak_planks":2,"minecraft:andesite":15,"minecraft:rabbit_hide":1,"minecraft:warped_fungus":6,"minecraft:mossy_cobblestone":1,"minecraft:wheat":1,"minecraft:nether_brick":12,"minecraft:smooth_stone_slab":1,"minecraft:purpur_stairs":2,"minecraft:gravel":39,"minecraft:cobbled_deepslate":86,"minecraft:bone":2,"minecraft:poppy":1,"minecraft:bowl":4,"minecraft:wheat_seeds":2,"minecraft:flint_and_steel":1,"minecraft:blackstone":51,"minecraft:iron_nugget":7,"minecraft:paper":7,"minecraft:stone_pickaxe":2,"minecraft:nether_bricks":4,"minecraft:brown_terracotta":3,"minecraft:jungle_boat":1,"minecraft:filled_map":1,"minecraft:warped_roots":13,"minecraft:chest_minecart":2,"minecraft:tuff":12,"minecraft:fire_charge":1,"minecraft:string":2,"minecraft:stick":6,"minecraft:crimson_fungus":1,"minecraft:iron_horse_armor":1,"minecraft:white_bed":1,"minecraft:dead_bush":1,"minecraft:wooden_axe":2,"minecraft:gunpowder":1,"minecraft:purpur_block":1,"minecraft:bread":1,"minecraft:spider_eye":2,"minecraft:gold_ingot":73,"minecraft:stone_axe":6,"minecraft:iron_pickaxe":1,"minecraft:mossy_stone_bricks":3,"minecraft:chorus_fruit":1,"minecraft:diorite":18,"minecraft:rotten_flesh":7,"minecraft:cobblestone":14,"minecraft:leather_leggings":1,"minecraft:rabbit":1,"minecraft:end_stone":3,"minecraft:red_mushroom":1,"minecraft:ender_eye":1,"minecraft:golden_axe":1,"minecraft:leather":1,"minecraft:activator_rail":6,"minecraft:red_sand":2,"minecraft:golden_chestplate":2,"minecraft:moss_carpet":3,"minecraft:warped_nylium":2,"minecraft:nether_brick_fence":27,"minecraft:rail":12,"minecraft:cracked_stone_bricks":2,"minecraft:glass_bottle":6,"minecraft:birch_sapling":1,"minecraft:brown_mushroom":1,"minecraft:orange_terracotta":4,"minecraft:stone_bricks":11,"minecraft:leaf_litter":13,"minecraft:furnace":1,"minecraft:beef":7,"minecraft:item_frame":1,"minecraft:gold_nugget":1,"minecraft:elytra":1,"minecraft:netherrack":28,"minecraft:flowering_azalea":1,"minecraft:mutton":2,"minecraft:terracotta":5,"minecraft:warped_planks":1},"minecraft:broken":{"minecraft:iron_axe":2,"minecraft:stone_axe":2,"minecraft:iron_pickaxe":2,"minecraft:stone_sword":1,"minecraft:stone_pickaxe":2,"minecraft:wooden_pickaxe":1},"minecraft:used":{"minecraft:stone_axe":365,"minecraft:iron_axe":386,"minecraft:purpur_pillar":2,"minecraft:nether_bricks":16,"minecraft:white_terracotta":1,"minecraft:shield":46,"minecraft:end_stone":41,"minecraft:iron_pickaxe":526,"minecraft:shulker_box":5,"minecraft:oak_boat":19,"minecraft:leather_leggings":1,"minecraft:glow_berries":6,"minecraft:warped_door":91,"minecraft:elytra":2,"minecraft:glass_bottle":3,"minecraft:wooden_axe":35,"minecraft:diamond_pickaxe":593,"minecraft:ender_eye":26,"minecraft:mushroom_stew":5,"minecraft:crimson_planks":84,"minecraft:stone_bricks":8,"minecraft:crossbow":47,"minecraft:cooked_porkchop":4,"minecraft:granite":4,"minecraft:mossy_stone_bricks":1,"minecraft:coarse_dirt":1,"minecraft:tuff":14,"minecraft:cut_sandstone":1,"minecraft:brewing_stand":2,"minecraft:hay_block":2,"minecraft:stone_sword":20,"minecraft:lava_bucket":19,"minecraft:diorite":1,"minecraft:wooden_pickaxe":59,"minecraft:cracked_stone_bricks":4,"minecraft:cobblestone":212,"minecraft:diamond_chestplate":3,"minecraft:warped_roots":4,"minecraft:crafting_table":31,"minecraft:poppy":1,"minecraft:blackstone":4,"minecraft:end_stone_bricks":20,"minecraft:potion":6,"minecraft:purpur_block":2,"minecraft:jungle_boat":34,"minecraft:white_bed":2,"minecraft:stone_pickaxe":470,"minecraft:cobbled_deepslate":11,"minecraft:netherrack":216,"minecraft:chorus_fruit":3,"minecraft:fire_charge":4,"minecraft:end_stone_brick_slab":100,"minecraft:red_sand":49,"minecraft:rotten_flesh":1,"minecraft:water_bucket":59,"minecraft:furnace":10,"minecraft:warped_planks":100,"minecraft:torch":1,"minecraft:bread":99,"minecraft:dirt":2,"minecraft:terracotta":19,"minecraft:obsidian":1,"minecraft:sand":43,"minecraft:warped_fungus":1,"minecraft:gravel":7,"minecraft:green_bed":4,"minecraft:orange_terracotta":4,"minecraft:purpur_stairs":1,"minecraft:red_terracotta":1,"minecraft:flint_and_steel":4,"minecraft:bucket":78,"minecraft:chest":10,"minecraft:warped_nylium":13,"minecraft:warped_wart_block":2,"minecraft:ender_pearl":3,"minecraft:iron_door":2},"minecraft:picked_up":{"minecraft:iron_door":2,"minecraft:smooth_stone_slab":1,"minecraft:brewing_stand":4,"minecraft:cobblestone":334,"minecraft:saddle":4,"minecraft:flint":3,"minecraft:sugar_cane":74,"minecraft:purpur_block":3,"minecraft:warped_roots":17,"minecraft:redstone":96,"minecraft:bone":52,"minecraft:orange_terracotta":8,"minecraft:glow_berries":9,"minecraft:clay_ball":32,"minecraft:diamond":7,"minecraft:granite":16,"minecraft:smoker":2,"minecraft:white_terracotta":1,"minecraft:blaze_rod":21,"minecraft:nether_wart":66,"minecraft:book":165,"minecraft:purpur_pillar":2,"minecraft:crimson_fungus":1,"minecraft:gold_block":1,"minecraft:spectral_arrow":30,"minecraft:red_sand":57,"minecraft:arrow":10,"minecraft:magma_cream":1,"minecraft:iron_ingot":9,"minecraft:end_stone":92,"minecraft:cactus":2,"minecraft:chest_minecart":2,"minecraft:crossbow":1,"minecraft:hay_block":51,"minecraft:raw_gold":49,"minecraft:stone_sword":1,"minecraft:azalea":2,"minecraft:mossy_stone_bricks":4,"minecraft:mutton":2,"minecraft:cut_sandstone":1,"minecraft:crying_obsidian":36,"minecraft:dirt":13,"minecraft:rail":12,"minecraft:rabbit_hide":1,"minecraft:crimson_stem":21,"minecraft:torch":1,"minecraft:ender_eye":12,"minecraft:bread":1,"minecraft:iron_boots":1,"minecraft:coal":195,"minecraft:oak_log":17,"minecraft:sand":70,"minecraft:furnace":6,"minecraft:wheat_seeds":2,"minecraft:tnt":9,"minecraft:iron_pickaxe":1,"minecraft:nether_bricks":18,"minecraft:birch_sapling":1,"minecraft:poppy":2,"minecraft:white_wool":3,"minecraft:eye_armor_trim_smithing_template":1,"minecraft:warped_wart_block":2,"minecraft:potion":3,"minecraft:warped_nylium":15,"minecraft:red_mushroom":6,"minecraft:andesite":33,"minecraft:warped_planks":62,"minecraft:beetroot_seeds":9,"minecraft:green_bed":4,"minecraft:ender_pearl":32,"minecraft:string":33,"minecraft:stone_bricks":19,"minecraft:obsidian":18,"minecraft:warped_fungus":7,"minecraft:soul_sand":42,"minecraft:rabbit":1,"minecraft:flowering_azalea":1,"minecraft:white_bed":2,"minecraft:leather":12,"minecraft:gold_nugget":422,"minecraft:shulker_shell":7,"minecraft:brown_mushroom":6,"minecraft:moss_carpet":3,"minecraft:gold_ingot":28,"minecraft:chorus_fruit":22,"minecraft:iron_horse_armor":1,"minecraft:golden_horse_armor":2,"minecraft:stick":72,"minecraft:bamboo":155,"minecraft:fire_charge":3,"minecraft:red_terracotta":1,"minecraft:moss_block":19,"minecraft:brown_terracotta":9,"minecraft:cooked_porkchop":4,"minecraft:item_frame":1,"minecraft:raw_iron":143,"minecraft:cobbled_deepslate":124,"minecraft:shulker_box":5,"minecraft:stone_axe":2,"minecraft:mossy_cobblestone":2,"minecraft:end_stone_bricks":20,"minecraft:nether_brick":44,"minecraft:wheat":3,"minecraft:gunpowder":3,"minecraft:chest":15,"minecraft:elytra":2,"minecraft:end_rod":3,"minecraft:blackstone":76,"minecraft:blaze_powder":4,"minecraft:netherrack":282,"minecraft:coarse_dirt":1,"minecraft:gravel":53,"minecraft:jungle_boat":34,"minecraft:tuff":26,"minecraft:leaf_litter":34,"minecraft:nether_brick_fence":27,"minecraft:birch_log":6,"minecraft:terracotta":36,"minecraft:sticky_piston":3,"minecraft:lapis_lazuli":341,"minecraft:spider_eye":2,"minecraft:jungle_log":6,"minecraft:activator_rail":6,"minecraft:diorite":48,"minecraft:oak_boat":17,"minecraft:oak_planks":75,"minecraft:crafting_table":29,"minecraft:raw_copper":18,"minecraft:oak_sapling":12,"minecraft:warped_stem":34,"minecraft:warped_door":90,"minecraft:beef":7,"minecraft:rotten_flesh":15,"minecraft:iron_nugget":34,"minecraft:end_stone_brick_slab":4,"minecraft:paper":7,"minecraft:purpur_stairs":3,"minecraft:cracked_stone_bricks":6}},"DataVersion":4325}