{"stats":{"minecraft:killed":{"minecraft:shulker":3,"minecraft:zombie":10,"minecraft:skeleton":1,"minecraft:cave_spider":4,"minecraft:enderman":13,"minecraft:cow":3,"minecraft:piglin":5,"minecraft:camel":2,"minecraft:ender_dragon":1,"minecraft:spider":1},"minecraft:custom":{"minecraft:time_since_rest":133,"minecraft:leave_game":4,"minecraft:damage_taken":6562,"minecraft:mob_kills":43,"minecraft:boat_one_cm":143215,"minecraft:damage_absorbed":80,"minecraft:time_since_death":99,"minecraft:sleep_in_bed":1,"minecraft:swim_one_cm":30119,"minecraft:total_world_time":167659,"minecraft:crouch_one_cm":4873,"minecraft:deaths":17,"minecraft:climb_one_cm":852,"minecraft:player_kills":1,"minecraft:damage_blocked_by_shield":658,"minecraft:interact_with_crafting_table":35,"minecraft:walk_one_cm":502192,"minecraft:horse_one_cm":193910,"minecraft:walk_under_water_one_cm":7815,"minecraft:damage_dealt":11587,"minecraft:play_time":167659,"minecraft:jump":2165,"minecraft:drop":93,"minecraft:bell_ring":1,"minecraft:sprint_one_cm":355141,"minecraft:open_chest":16,"minecraft:fall_one_cm":60091,"minecraft:fly_one_cm":378053,"minecraft:walk_on_water_one_cm":12076,"minecraft:sneak_time":2609},"minecraft:killed_by":{"minecraft:skeleton":2,"minecraft:player":1,"minecraft:enderman":4,"minecraft:ender_dragon":1,"minecraft:piglin":1,"minecraft:ghast":2,"minecraft:shulker":2},"minecraft:mined":{"minecraft:torch":9,"minecraft:orange_terracotta":28,"minecraft:spawner":1,"minecraft:granite":8,"minecraft:warped_wart_block":4,"minecraft:chest":1,"minecraft:warped_nylium":1,"minecraft:azalea_leaves":1,"minecraft:netherrack":71,"minecraft:wheat":1,"minecraft:white_terracotta":4,"minecraft:terracotta":2,"minecraft:oak_planks":9,"minecraft:red_sand":18,"minecraft:cobblestone":1,"minecraft:gravel":2,"minecraft:short_grass":2,"minecraft:oak_leaves":6,"minecraft:chorus_plant":6,"minecraft:end_stone":55,"minecraft:yellow_terracotta":17,"minecraft:cyan_bed":3,"minecraft:end_stone_brick_slab":4,"minecraft:crafting_table":22,"minecraft:light_gray_terracotta":18,"minecraft:crimson_nylium":1,"minecraft:dark_oak_planks":4,"minecraft:cracked_stone_bricks":1,"minecraft:melon":3,"minecraft:mossy_stone_bricks":3,"minecraft:blackstone":6,"minecraft:rail":1,"minecraft:dirt":3,"minecraft:andesite":6,"minecraft:grass_block":2,"minecraft:purpur_block":4,"minecraft:nether_bricks":1,"minecraft:wall_torch":5,"minecraft:nether_gold_ore":97,"minecraft:sand":5,"minecraft:fire":8,"minecraft:cactus":13,"minecraft:oak_log":14,"minecraft:purpur_stairs":1,"minecraft:potted_cactus":2,"minecraft:dead_bush":18,"minecraft:stone":40},"minecraft:crafted":{"minecraft:wooden_axe":1,"minecraft:oak_boat":2,"minecraft:iron_ingot":2,"minecraft:golden_helmet":1,"minecraft:golden_boots":1,"minecraft:gold_ingot":42,"minecraft:stone_pickaxe":2,"minecraft:crafting_table":2,"minecraft:nether_bricks":1,"minecraft:stick":12,"minecraft:wooden_hoe":1,"minecraft:wooden_pickaxe":2,"minecraft:oak_door":3,"minecraft:shield":1,"minecraft:end_stone_bricks":36,"minecraft:oak_planks":56,"minecraft:end_stone_brick_slab":72,"minecraft:wooden_shovel":1,"minecraft:diamond_sword":1,"minecraft:bow":1,"minecraft:iron_axe":1,"minecraft:pink_dye":1},"minecraft:dropped":{"minecraft:rotten_flesh":3,"minecraft:iron_axe":1,"minecraft:cobblestone":1,"minecraft:warped_fungus":1,"minecraft:wheat":1,"minecraft:nether_brick":12,"minecraft:birch_pressure_plate":1,"minecraft:wheat_seeds":2,"minecraft:blackstone":10,"minecraft:iron_nugget":4,"minecraft:warped_nylium":1,"minecraft:shield":1,"minecraft:rail":12,"minecraft:oak_sapling":2,"minecraft:soul_sand":8,"minecraft:pink_dye":1,"minecraft:beetroot_seeds":9,"minecraft:orange_terracotta":1,"minecraft:string":7,"minecraft:golden_boots":1,"minecraft:wooden_pickaxe":3,"minecraft:cactus":20,"minecraft:gold_nugget":2,"minecraft:wooden_axe":1,"minecraft:white_terracotta":2,"minecraft:spider_eye":1,"minecraft:light_gray_terracotta":3,"minecraft:dark_oak_planks":2,"minecraft:gold_ingot":75,"minecraft:netherrack":10,"minecraft:iron_boots":2},"minecraft:broken":{"minecraft:wooden_axe":1,"minecraft:iron_axe":1,"minecraft:stone_pickaxe":1,"minecraft:wooden_pickaxe":1},"minecraft:used":{"minecraft:iron_axe":146,"minecraft:nether_bricks":1,"minecraft:white_terracotta":2,"minecraft:netherrack":38,"minecraft:chorus_fruit":3,"minecraft:shield":16,"minecraft:end_stone":32,"minecraft:cactus":3,"minecraft:diamond_sword":43,"minecraft:melon_slice":20,"minecraft:oak_boat":20,"minecraft:end_stone_brick_slab":55,"minecraft:golden_carrot":8,"minecraft:red_sand":4,"minecraft:glow_berries":6,"minecraft:rotten_flesh":27,"minecraft:light_gray_terracotta":17,"minecraft:wooden_axe":37,"minecraft:cyan_bed":3,"minecraft:golden_boots":1,"minecraft:golden_helmet":1,"minecraft:dark_oak_planks":3,"minecraft:bread":8,"minecraft:torch":7,"minecraft:terracotta":2,"minecraft:iron_boots":1,"minecraft:sand":14,"minecraft:yellow_terracotta":15,"minecraft:wooden_pickaxe":113,"minecraft:orange_terracotta":7,"minecraft:cobblestone":1,"minecraft:wooden_shovel":25,"minecraft:golden_apple":2,"minecraft:crafting_table":22,"minecraft:chest":1,"minecraft:blackstone":6,"minecraft:warped_nylium":4,"minecraft:oak_planks":15,"minecraft:beef":4,"minecraft:purpur_block":1,"minecraft:flower_pot":1,"minecraft:stone_pickaxe":258,"minecraft:ender_pearl":7,"minecraft:warped_wart_block":2,"minecraft:bow":36},"minecraft:picked_up":{"minecraft:warped_fungus":1,"minecraft:soul_sand":8,"minecraft:cobblestone":2,"minecraft:yellow_terracotta":15,"minecraft:saddle":2,"minecraft:purpur_block":3,"minecraft:shulker_shell":4,"minecraft:gold_nugget":378,"minecraft:orange_terracotta":24,"minecraft:wooden_axe":1,"minecraft:melon_slice":20,"minecraft:gold_ingot":42,"minecraft:chorus_fruit":50,"minecraft:white_terracotta":4,"minecraft:stick":23,"minecraft:fire_charge":6,"minecraft:spectral_arrow":34,"minecraft:red_sand":18,"minecraft:iron_axe":1,"minecraft:end_stone":68,"minecraft:cactus":29,"minecraft:dark_oak_planks":5,"minecraft:chest_minecart":2,"minecraft:cyan_bed":3,"minecraft:nether_brick":20,"minecraft:wheat":1,"minecraft:chest":1,"minecraft:blackstone":46,"minecraft:crying_obsidian":3,"minecraft:netherrack":67,"minecraft:dirt":3,"minecraft:rail":1,"minecraft:torch":16,"minecraft:iron_boots":3,"minecraft:cactus_flower":1,"minecraft:oak_log":14,"minecraft:sand":14,"minecraft:terracotta":2,"minecraft:wheat_seeds":2,"minecraft:splash_potion":1,"minecraft:spider_eye":1,"minecraft:quartz":17,"minecraft:wooden_pickaxe":2,"minecraft:oak_boat":19,"minecraft:flower_pot":1,"minecraft:oak_planks":9,"minecraft:warped_wart_block":2,"minecraft:potion":1,"minecraft:crafting_table":21,"minecraft:warped_nylium":5,"minecraft:oak_sapling":2,"minecraft:rotten_flesh":9,"minecraft:beef":4,"minecraft:beetroot_seeds":9,"minecraft:ender_pearl":7,"minecraft:string":7,"minecraft:obsidian":4,"minecraft:light_gray_terracotta":20,"minecraft:iron_nugget":22,"minecraft:end_stone_brick_slab":4,"minecraft:purpur_stairs":1}},"DataVersion":4325}