{"stats":{"minecraft:used":{"minecraft:birch_sapling":2,"minecraft:iron_axe":229,"minecraft:cobbled_deepslate":54,"minecraft:netherrack":198,"minecraft:chorus_fruit":4,"minecraft:shield":7,"minecraft:end_stone":28,"minecraft:iron_pickaxe":293,"minecraft:andesite":2,"minecraft:diamond_sword":398,"minecraft:diamond_shovel":620,"minecraft:shulker_box":3,"minecraft:iron_sword":253,"minecraft:water_bucket":507,"minecraft:diamond_pickaxe":627,"minecraft:ender_eye":5,"minecraft:furnace":3,"minecraft:bread":138,"minecraft:granite":6,"minecraft:torch":8,"minecraft:dirt":91,"minecraft:obsidian":10,"minecraft:hay_block":20,"minecraft:sand":59,"minecraft:lava_bucket":12,"minecraft:diorite":5,"minecraft:bundle":2,"minecraft:firefly_bush":2,"minecraft:cobblestone":142,"minecraft:lectern":14,"minecraft:flint_and_steel":3,"minecraft:bucket":522,"minecraft:crafting_table":8,"minecraft:chest":8,"minecraft:jungle_boat":26,"minecraft:sandstone":3,"minecraft:ender_pearl":3},"minecraft:custom":{"minecraft:time_since_rest":20996,"minecraft:talked_to_villager":30,"minecraft:leave_game":26,"minecraft:damage_taken":20890,"minecraft:mob_kills":133,"minecraft:boat_one_cm":674459,"minecraft:open_shulker_box":4,"minecraft:time_since_death":20966,"minecraft:open_enderchest":1,"minecraft:interact_with_furnace":29,"minecraft:sleep_in_bed":4,"minecraft:swim_one_cm":149980,"minecraft:total_world_time":460229,"minecraft:crouch_one_cm":13495,"minecraft:pot_flower":1,"minecraft:deaths":57,"minecraft:climb_one_cm":5005,"minecraft:interact_with_stonecutter":1,"minecraft:player_kills":1,"minecraft:damage_blocked_by_shield":200,"minecraft:interact_with_crafting_table":56,"minecraft:walk_one_cm":904182,"minecraft:horse_one_cm":1467,"minecraft:walk_under_water_one_cm":74819,"minecraft:damage_dealt":35758,"minecraft:play_time":460229,"minecraft:jump":12771,"minecraft:drop":58,"minecraft:bell_ring":16,"minecraft:sprint_one_cm":1089317,"minecraft:open_chest":81,"minecraft:interact_with_smoker":1,"minecraft:fall_one_cm":543597,"minecraft:fly_one_cm":2750873,"minecraft:walk_on_water_one_cm":122563,"minecraft:sneak_time":5140,"minecraft:interact_with_blast_furnace":2},"minecraft:dropped":{"minecraft:rotten_flesh":53,"minecraft:cobblestone":2,"minecraft:soul_soil":2,"minecraft:rabbit_hide":1,"minecraft:sandstone":4,"minecraft:jungle_log":1,"minecraft:wheat":14,"minecraft:mossy_cobblestone":11,"minecraft:stone_pressure_plate":2,"minecraft:gravel":1,"minecraft:bone":6,"minecraft:bundle":1,"minecraft:white_wool":1,"minecraft:dirt":3,"minecraft:leather":1,"minecraft:poppy":4,"minecraft:wheat_seeds":2,"minecraft:sand":4,"minecraft:melon_slice":4,"minecraft:granite":1,"minecraft:dripstone_block":1,"minecraft:nether_brick_fence":1,"minecraft:jungle_boat":1,"minecraft:soul_sand":3,"minecraft:cracked_stone_bricks":1,"minecraft:wildflowers":4,"minecraft:water_bucket":1,"minecraft:diamond_pickaxe":1,"minecraft:string":22,"minecraft:diamond_sword":1,"minecraft:iron_sword":4,"minecraft:stick":5,"minecraft:cactus":3,"minecraft:golden_helmet":1,"minecraft:bread":23,"minecraft:spider_eye":2,"minecraft:mutton":3,"minecraft:mossy_stone_bricks":5,"minecraft:diorite":12},"minecraft:mined":{"minecraft:torch":5,"minecraft:dispenser":2,"minecraft:warped_wart_block":6,"minecraft:nether_quartz_ore":4,"minecraft:chest":6,"minecraft:vine":12,"minecraft:warped_nylium":3,"minecraft:netherrack":235,"minecraft:bone_block":15,"minecraft:lectern":14,"minecraft:gravel":26,"minecraft:short_grass":23,"minecraft:crafting_table":7,"minecraft:leaf_litter":1,"minecraft:magma_block":4,"minecraft:jungle_log":35,"minecraft:obsidian":11,"minecraft:copper_ore":1,"minecraft:firefly_bush":2,"minecraft:sandstone":20,"minecraft:melon":1,"minecraft:gold_ore":1,"minecraft:birch_leaves":37,"minecraft:andesite":23,"minecraft:oak_fence":1,"minecraft:purpur_block":3,"minecraft:gold_block":3,"minecraft:nether_bricks":39,"minecraft:wall_torch":4,"minecraft:nether_brick_fence":1,"minecraft:dark_oak_leaves":5,"minecraft:fern":2,"minecraft:fire":29,"minecraft:deepslate_diamond_ore":15,"minecraft:deepslate_iron_ore":22,"minecraft:warped_stem":10,"minecraft:dripstone_block":1,"minecraft:jungle_leaves":4,"minecraft:iron_ore":56,"minecraft:stone":207,"minecraft:orange_terracotta":1,"minecraft:granite":19,"minecraft:coal_ore":17,"minecraft:diorite":44,"minecraft:cobblestone":18,"minecraft:hay_block":59,"minecraft:stone_pressure_plate":2,"minecraft:tripwire_hook":1,"minecraft:purpur_pillar":1,"minecraft:red_mushroom_block":13,"minecraft:oak_leaves":60,"minecraft:furnace":1,"minecraft:end_stone":25,"minecraft:rose_bush":2,"minecraft:soul_sand":3,"minecraft:bookshelf":12,"minecraft:short_dry_grass":2,"minecraft:crying_obsidian":1,"minecraft:tall_grass":3,"minecraft:cactus_flower":1,"minecraft:wildflowers":1,"minecraft:mossy_stone_bricks":2,"minecraft:tall_seagrass":2,"minecraft:dirt":184,"minecraft:mossy_cobblestone":9,"minecraft:tall_dry_grass":7,"minecraft:grass_block":312,"minecraft:cobweb":4,"minecraft:shulker_box":3,"minecraft:soul_fire":1,"minecraft:cobbled_deepslate":3,"minecraft:tuff":1,"minecraft:deepslate":99,"minecraft:sand":113,"minecraft:oak_log":45,"minecraft:redstone_wire":1,"minecraft:dead_bush":12},"minecraft:killed_by":{"minecraft:skeleton":8,"minecraft:player":1,"minecraft:creeper":2,"minecraft:enderman":5,"minecraft:ender_dragon":1,"minecraft:spider":1,"minecraft:iron_golem":1,"minecraft:ghast":1,"minecraft:zombie":6,"minecraft:cave_spider":1,"minecraft:shulker":1,"minecraft:wither_skeleton":3},"minecraft:broken":{"minecraft:iron_helmet":2,"minecraft:iron_axe":1,"minecraft:iron_leggings":1,"minecraft:golden_boots":1,"minecraft:iron_pickaxe":1,"minecraft:iron_boots":1,"minecraft:iron_sword":1},"minecraft:killed":{"minecraft:skeleton":20,"minecraft:iron_golem":9,"minecraft:piglin":3,"minecraft:vindicator":1,"minecraft:spider":14,"minecraft:shulker":10,"minecraft:zombie":27,"minecraft:husk":22,"minecraft:cave_spider":5,"minecraft:creeper":2,"minecraft:enderman":6,"minecraft:sheep":2,"minecraft:cow":1,"minecraft:drowned":1,"minecraft:magma_cube":1,"minecraft:ghast":2,"minecraft:blaze":3},"minecraft:picked_up":{"minecraft:stone_pressure_plate":2,"minecraft:soul_sand":3,"minecraft:rabbit":2,"minecraft:cobblestone":198,"minecraft:soul_soil":5,"minecraft:flint":1,"minecraft:leather":1,"minecraft:bone":19,"minecraft:redstone":2,"minecraft:shulker_shell":5,"minecraft:orange_terracotta":1,"minecraft:water_bucket":1,"minecraft:rose_bush":2,"minecraft:firefly_bush":2,"minecraft:melon_slice":4,"minecraft:chorus_fruit":4,"minecraft:diamond":14,"minecraft:ghast_tear":1,"minecraft:iron_sword":4,"minecraft:granite":19,"minecraft:dark_oak_sapling":1,"minecraft:book":69,"minecraft:stick":16,"minecraft:bamboo":3,"minecraft:wildflowers":7,"minecraft:gold_block":3,"minecraft:arrow":20,"minecraft:iron_ingot":37,"minecraft:end_stone":28,"minecraft:cactus":3,"minecraft:raw_iron":78,"minecraft:cobbled_deepslate":83,"minecraft:shulker_box":3,"minecraft:hay_block":59,"minecraft:mossy_cobblestone":11,"minecraft:end_stone_bricks":1,"minecraft:wheat":14,"minecraft:mossy_stone_bricks":5,"minecraft:mutton":3,"minecraft:gunpowder":4,"minecraft:chest":7,"minecraft:lectern":14,"minecraft:crying_obsidian":1,"minecraft:netherrack":263,"minecraft:dirt":492,"minecraft:brown_wool":1,"minecraft:rabbit_hide":1,"minecraft:magma_block":1,"minecraft:bone_block":30,"minecraft:gravel":16,"minecraft:torch":10,"minecraft:diamond_pickaxe":1,"minecraft:jungle_boat":26,"minecraft:dripstone_block":1,"minecraft:ender_eye":5,"minecraft:bread":23,"minecraft:cactus_flower":1,"minecraft:leaf_litter":8,"minecraft:coal":17,"minecraft:oak_log":45,"minecraft:potato":2,"minecraft:nether_brick_fence":2,"minecraft:sand":123,"minecraft:furnace":1,"minecraft:wheat_seeds":13,"minecraft:shield":1,"minecraft:iron_pickaxe":1,"minecraft:spider_eye":4,"minecraft:jungle_log":36,"minecraft:quartz":4,"minecraft:egg":2,"minecraft:nether_bricks":38,"minecraft:diamond_sword":1,"minecraft:diorite":32,"minecraft:birch_sapling":4,"minecraft:poppy":11,"minecraft:white_wool":1,"minecraft:oak_planks":1,"minecraft:warped_wart_block":5,"minecraft:crafting_table":7,"minecraft:red_mushroom":12,"minecraft:oak_sapling":3,"minecraft:warped_stem":8,"minecraft:andesite":17,"minecraft:rotten_flesh":67,"minecraft:ender_pearl":3,"minecraft:string":27,"minecraft:obsidian":11,"minecraft:sandstone":14,"minecraft:cracked_stone_bricks":1},"minecraft:crafted":{"minecraft:sandstone":3,"minecraft:golden_helmet":1,"minecraft:warped_planks":32,"minecraft:iron_chestplate":1,"minecraft:iron_boots":1,"minecraft:anvil":1,"minecraft:stick":4,"minecraft:warped_slab":6,"minecraft:iron_helmet":2,"minecraft:iron_block":3,"minecraft:diamond_pickaxe":1,"minecraft:chest":5,"minecraft:bookshelf":3,"minecraft:diamond_chestplate":1,"minecraft:jungle_boat":2,"minecraft:diamond_sword":1,"minecraft:air":0,"minecraft:wheat":351,"minecraft:bucket":4,"minecraft:flint_and_steel":1,"minecraft:furnace":2,"minecraft:jungle_planks":68,"minecraft:iron_ingot":64,"minecraft:golden_boots":1,"minecraft:diamond_shovel":1,"minecraft:bread":117,"minecraft:crafting_table":3,"minecraft:shulker_box":2,"minecraft:shield":1,"minecraft:oak_planks":4,"minecraft:lectern":1,"minecraft:iron_pickaxe":2,"minecraft:iron_sword":1,"minecraft:iron_axe":1,"minecraft:iron_leggings":2}},"DataVersion":4325}